{"nodes":{"node:24385376":{"location":{"x":345,"y":49}},"node:24398048":{"location":{"x":0,"y":0}},"node:24424096":{"location":{"x":0,"y":0}},"node:24436464":{"location":{"x":0,"y":0}},"node:24436544":{"location":{"x":0,"y":0}},"node:24439520":{"location":{"x":0,"y":0}},"node:24442672":{"location":{"x":0,"y":0}},"node:24442976":{"location":{"x":0,"y":0}},"node:24507888":{"location":{"x":0,"y":0}},"node:24508192":{"location":{"x":0,"y":0}}},"selection":null,"view":{"scroll":{"x":96.6298294067382812,"y":-45.0000076293945312},"visible_rect":{"max":{"x":741.5882568359375,"y":270.5882568359375},"min":{"x":63.1567573547363281,"y":-29.411773681640625}},"zoom":1.52999985218048096}}